FIPS,y_pred_foodinsec2123,y_pred_diabetes19,p_hat_obesityhot
1007,11.52699368322859,9.739222925550003,0.9997727268769124
1019,11.52699368322859,9.278120650361744,0.9996018450431888
1035,11.52699368322859,11.4427569821565,0.9996252284451085
1051,11.52699368322859,10.729232973764468,0.9996054326051236
1053,11.52699368322859,12.08088425565167,0.9999040026356083
1079,11.52699368322859,9.995298211879737,0.9994083305532028
1083,11.52699368322859,10.220543956070058,0.9998771477252641
1105,11.52699368322859,11.819488508436546,0.9996047312070153
1115,11.52699368322859,10.41834330679296,0.9998099250583943
1121,11.52699368322859,11.892030715112316,0.9999708506508856
1133,11.52922338911587,9.087767944687725,0.9997486592625492
2070,10.42226502525472,10.349926097165275,3.828052185511746e-06
2090,10.42226502525472,8.112928284187632,1.78198410519077e-05
2105,10.42226502525472,8.320143675270971,1.587736132935681e-07
2170,10.42226502525472,8.814912376982305,0.00022193007768402023
4001,11.849791713654604,13.454500742042248,0.002252557730628702
4017,11.849791713654604,11.485689223238454,0.0008890626554355598
5011,18.89373729612592,9.103649486302773,0.023020677002279066
5027,18.89373729612592,9.675010463689299,0.044851616732844005
5031,18.89373729612592,10.482094690257247,0.07649609165448461
5035,18.89373729612592,11.773236190465587,0.07762247577224668
5043,18.89373729612592,9.655096506616387,0.030957333902370335
5065,18.89373729612592,8.964445164478418,0.010760848997912782
5105,18.89373729612592,8.059344862507496,0.015014557482860492
5127,18.89373729612592,8.72827426950293,0.005323560454832661
5131,18.89373729612592,10.252413608884138,0.00373615967240733
6013,11.38514848242583,8.254843397246567,2.400911397007633e-09
6015,11.38514848242583,7.572292033067587,4.8164864418116524e-08
6021,11.38514848242583,7.619354768437517,9.775486939412352e-09
6035,11.38514848242583,8.848823760049806,7.83191649982303e-07
6045,11.38514848242583,7.47429016094097,2.7850966076137616e-10
6071,11.38514848242583,9.791943886004542,4.583828123661352e-12
6077,11.38514848242583,10.135925626795679,6.243642562285568e-10
6107,11.38514848242583,9.119836001954884,2.7126039968409836e-11
8003,9.906584077292944,8.35851939512993,9.371132780460659e-06
8009,9.906584077292944,7.522102776301277,5.837444179596553e-06
8013,9.906584077292944,5.841145500240951,4.131953775284611e-06
8015,9.906584077292944,6.864679906475133,8.765680451973487e-06
8037,9.906584077292944,6.555240660697375,7.343926021835696e-06
8039,9.906584077292944,6.719352987074252,7.773179611005575e-05
8067,9.906584077292944,6.635277320652767,2.9025920878197445e-05
8075,9.906584077292944,7.892986575963413,2.5942643900243824e-05
8087,9.906584077292944,8.076392661001504,8.056943683240345e-06
8089,9.906584077292944,7.814644934522607,6.938207754602092e-06
8105,9.906584077292944,7.63501441660078,1.0341007883778215e-05
12005,12.029408496568891,9.899775905659787,1.2205528489497455e-05
12007,12.029408496568891,10.725012137820313,7.126103439172124e-05
12011,12.029408496568891,8.915716321077246,5.780172183493656e-07
12029,12.029408496568891,9.281129505454892,1.6303071644114215e-05
12039,12.029408496568891,13.04104172319901,4.40053292779282e-05
12047,12.029408496568891,9.731435838014317,9.881045459837455e-05
12053,12.029408496568891,10.038790090627435,7.727089117202992e-07
12059,12.029408496568891,10.098483709024759,1.6606452843107522e-05
12067,12.029408496568891,9.489526394632607,8.758708470163164e-06
12069,12.029408496568891,10.136907664868854,1.3688947513008732e-07
12089,12.029408496568891,9.151246959465993,4.875190482527195e-06
12095,12.029408496568891,9.545549991936443,2.1650806061791784e-07
12111,12.029408496568891,10.193400735783333,5.881760828362762e-07
12113,12.029408496568891,8.972310390088822,2.9916596586379603e-06
12117,12.029408496568891,8.382531938285547,1.169162973713312e-06
12127,12.029408496568891,9.60149126941082,1.7962661418933493e-06
13015,12.801836498681643,9.617819408987643,0.001498988858330601
13023,12.801836498681643,8.634823000179223,0.00021267229700311694
13027,12.801836498681643,9.310929336696082,0.0010529373143657143
13059,12.801836498681643,9.253242981806133,0.0007279023150608062
13091,12.801836498681643,10.283008944985847,0.0053615262519242654
13093,12.801836498681643,9.38306257703944,0.001134617738478712
13105,12.801836498681643,8.36955125235553,0.0007574080546786537
13115,12.801836498681643,11.121418608357647,0.0009059211229553547
13121,12.801836498681643,9.00191860623357,0.004245015361422718
13135,12.801836498681643,8.851211297346364,8.675326474425679e-05
13147,12.801836498681643,9.102036754177986,0.0007411657482114662
13151,12.801836498681643,11.080166496541137,0.0006437140952795081
13159,12.801836498681643,7.939045393134616,0.0010931066500302013
13179,12.801836498681643,9.97401095609655,0.0019926215550517467
13205,12.801836498681643,10.373835855369986,0.00032377339378903444
13245,12.801836498681643,12.476805574664992,0.007419663392953386
13257,12.801836498681643,8.499784494546207,0.00031101838430399947
13269,12.801836498681643,8.505024748750987,0.005250265378381546
13283,12.801836498681643,8.247918857863452,0.001530388248079149
13301,12.801836498681643,8.792921078646316,0.0008866175652000149
13307,12.801836498681643,8.063331083349054,0.0017282130848461526
13309,12.801836498681643,8.632013701525258,0.008459862338663205
15009,9.592978301679535,7.618374912054421,8.091018804068626e-11
16007,11.286184319007527,7.461688702372542,0.00010745156759081636
16023,11.286184319007527,7.652954183888771,1.790821283320113e-05
16031,11.286184319007527,8.494336819955356,2.5522575453887054e-05
16065,11.286184319007527,8.672913483221931,0.00013065578140911583
16079,11.286184319007527,8.180889624032512,5.2777329167878786e-06
16087,11.286184319007527,8.326220515134901,2.149234725913935e-05
17007,12.389654310723138,7.959704031204364,0.0038373305239352774
17025,12.389654310723138,7.546559776099248,0.049751667701455934
17033,12.389654310723138,7.501481680213844,0.01748970712046232
17039,12.389654310723138,7.303950532154917,0.013242278774285805
17041,12.389654310723138,7.371743565346317,0.10548369057522353
17047,12.389654310723138,7.522171740749871,0.028129500627148217
17053,12.389654310723138,7.541034318978572,0.00978035997253472
17055,12.389654310723138,8.20727974778942,0.015900521942603996
17069,12.389654310723138,7.62715210444315,0.016976620181807563
17075,12.389654310723138,7.840738948819167,0.010514488547456308
17079,12.389654310723138,7.54453411617925,0.021510163080044806
17105,12.389654310723138,7.654348550171337,0.013129152655268794
17107,12.389654310723138,8.167592341479196,0.05445022246132292
17127,12.389654310723138,7.922395343353126,0.013373129618905471
17135,12.389654310723138,8.370956763816666,0.04574812548031068
17147,12.389654310723138,7.658065145723153,0.0560855992439361
17151,12.389654310723138,7.773056479329979,0.01320255560439726
17177,12.389654310723138,9.05883539717136,0.026254140995618666
17179,12.389654310723138,8.156772505689599,0.050446166475081516
17185,12.389654310723138,7.762693467949029,0.022289245861598115
17189,12.389654310723138,7.57915756869005,0.014194028933759838
17195,12.389654310723138,7.718400404842142,0.019086419001088515
17203,12.389654310723138,7.684604706183819,0.04101426054314059
18023,12.198204506245803,8.705087226893285,0.9974366225047816
18029,12.198204506245803,8.60393828683522,0.9976302881331014
18035,12.198204506245803,10.33546690948885,0.996953461763456
18065,12.198204506245803,9.570333041521714,0.9984316341717041
18067,12.198204506245803,10.365650971495528,0.9971391046034882
18083,12.198204506245803,8.777480979432355,0.9979299111606675
18087,12.198204506245803,8.088972049978967,0.9991292189497717
18089,12.198204506245803,10.644334861035983,0.996491988491688
18091,12.198204506245803,10.117151900252502,0.9983889305567243
18109,12.198204506245803,9.728863459026055,0.9984001290001056
18117,12.198204506245803,8.100786043701827,0.9985173574590113
18129,12.198204506245803,8.395625375935452,0.9966688979725388
18137,12.198204506245803,8.733847971078331,0.9989733611677079
18139,12.198204506245803,9.148464785834326,0.9995934089830862
18161,12.198204506245803,8.00166674313827,0.9978232386656625
18179,12.198204506245803,8.317661424754315,0.9932554570937328
18181,12.198204506245803,9.196370117051604,0.9982564330598975
19003,9.802020583688728,8.04254691489459,0.007785082819248496
19007,9.802020583688728,9.453054522690346,0.007536783193986084
19019,9.802020583688728,7.845677734078619,0.06422130306388683
19025,9.802020583688728,8.331478269443966,0.009017484852641207
19027,9.802020583688728,7.70816126800352,0.008998905766132386
19035,9.802020583688728,8.021336719964012,0.00794700498797289
19047,9.802020583688728,9.455820031710815,0.003278382234447802
19051,9.802020583688728,7.998431139756643,0.014007695904743532
19069,9.802020583688728,8.171361955410047,0.0037376771319379285
19109,9.802020583688728,8.12582959861456,0.003802836021312265
19113,9.802020583688728,9.312202396845787,0.03037126221024945
19119,9.802020583688728,8.306130633554952,0.010581496042299406
19133,9.802020583688728,8.179030199282616,0.010006640126427812
19141,9.802020583688728,7.836488210041997,0.002161628854502312
19149,9.802020583688728,8.03829241478141,0.013590311003884968
19157,9.802020583688728,8.533152408330007,0.026832275392095394
20001,10.616397579087506,10.78114715367015,0.013065083301019877
20011,10.616397579087506,9.353436187427763,0.01108636954355055
20013,10.616397579087506,8.147953927797243,0.001927514017714317
20033,10.616397579087506,7.473996940992345,0.0009662637284333364
20041,10.616397579087506,8.034575818225935,0.001962294318987027
20051,10.616397579087506,8.27784923791038,0.003988095188488457
20071,10.616397579087506,7.509300930289568,0.00022703248529403998
20081,10.616397579087506,7.551528527117117,0.0027454571269928843
20103,10.616397579087506,9.665595940104897,0.0016440341970838125
20121,10.616397579087506,8.7505528842493,0.003209134433434493
20127,10.616397579087506,8.910953606545515,0.007645858374784071
20133,10.616397579087506,9.249386250540487,0.0018010951798102311
20139,10.616397579087506,7.787248691993579,0.004110261603358081
20145,10.616397579087506,9.094362901629303,0.0008711124250426326
20149,10.616397579087506,7.995662624360568,0.012592375255236796
20151,10.616397579087506,8.065101825100147,0.0017878160700934658
20163,10.616397579087506,7.73898331167119,0.0002355133157272925
20169,10.616397579087506,8.890646717340237,0.0020610982846252356
20177,10.616397579087506,9.766438702338123,0.0021394232791586616
20181,10.616397579087506,8.883378034705778,0.002194815331487555
20183,10.616397579087506,7.937593795857972,6.426389308849639e-05
20187,10.616397579087506,7.718038805776987,0.0006999120332475069
20197,10.616397579087506,7.685791334682457,0.0009129880273776122
20203,10.616397579087506,8.59485150616346,0.22752629907710925
20205,10.616397579087506,9.084743997280253,0.005177197597042604
21003,14.4896017227023,8.35514919317804,0.9980473915133123
21015,14.4896017227023,9.642768139840852,0.9946744262565486
21021,14.4896017227023,8.7552370037998,0.9980033550119779
21031,14.4896017227023,8.356909890991075,0.9994909502131663
21035,14.4896017227023,9.349186335472186,0.9984467135324823
21037,14.4896017227023,8.969298031575299,0.9967361033091234
21045,14.4896017227023,9.678778801044011,0.9951307346409817
21047,14.4896017227023,9.931961785979588,0.9856832662942974
21055,14.4896017227023,7.879675689701632,0.9984426053757552
21065,14.4896017227023,9.42329964141841,0.9991981929516744
21109,14.4896017227023,8.833717297817211,0.9998251460290234
21131,14.4896017227023,9.546881632544071,0.9971453263831747
21139,14.4896017227023,7.878648689932936,0.9977972934088405
21141,14.4896017227023,8.797981891740296,0.998621909874132
21143,14.4896017227023,8.297067936131734,0.9946977767888973
21153,14.4896017227023,9.785231514820731,0.9997803698858715
21157,14.4896017227023,8.709415591397311,0.9986577695424349
21191,14.4896017227023,7.848363419261927,0.9989588183163075
21193,14.4896017227023,11.95363784817222,0.9997266010314168
21205,14.4896017227023,9.755622174988776,0.998249138674699
21213,14.4896017227023,8.512236797780279,0.9978310665409003
21225,14.4896017227023,9.61956369973804,0.9964097272236438
21229,14.4896017227023,8.474508402014726,0.99547816185124
21231,14.4896017227023,10.416170871470598,0.9993972362575321
21233,14.4896017227023,9.529291792488737,0.9957615409634687
22001,16.198824365525766,9.91694306568378,0.9976201128073046
22005,16.198824365525766,9.803676520571535,0.9908415739301235
22021,16.198824365525766,8.404413160965351,0.9754025067274447
22023,16.198824365525766,7.950975961412721,0.9301082521910609
22025,16.198824365525766,8.48820077827361,0.95192506503219
22035,16.198824365525766,9.265076602309625,0.9903638119142765
22057,16.198824365525766,9.786751918695796,0.9954028916039696
22061,16.198824365525766,10.237013105415278,0.9969993024192264
22081,16.198824365525766,8.553315448388544,0.9919113679785874
22085,16.198824365525766,9.452523700939125,0.8936137039886665
22099,16.198824365525766,10.44603113785929,0.9931396390402254
22111,16.198824365525766,9.202457016520697,0.9910988128648388
22115,16.198824365525766,10.707068403642896,0.9530205403967954
22121,16.198824365525766,9.44550032546328,0.9901665760482163
22123,16.198824365525766,9.650729622169889,0.9827606506353043
22127,16.198824365525766,9.140529382470698,0.9716837928468588
23001,10.956271202003622,10.289427943752894,0.09085725869886137
23003,10.948548033569033,9.59666603398305,0.1279703751741655
23009,10.948548033569033,7.407409433409749,0.0020768021919199686
23013,10.948548033569033,7.412779668475526,0.006752492477584124
23015,10.948548033569033,7.591896211836994,0.0011199213281791213
24005,10.398275907412255,9.373337358961724,0.0014422854745482722
24023,10.398275907412255,9.137552830645392,0.01575078334413434
24041,10.398275907412255,8.123439420636192,0.0032196841494552125
24510,10.398275907412255,12.409641997001101,0.001414792618829077
25013,9.321150364839239,9.537516157486044,1.4131175804505357e-06
25015,9.321150364839239,6.8685274542430905,7.758754295855918e-08
25023,9.321150364839239,7.84648928529481,1.6442724989208928e-09
25025,9.321150364839239,8.357861512144602,9.395807540256687e-06
26003,12.986153981591274,7.4202941205923505,0.0020525174391367415
26013,12.986153981591274,7.946222530015833,0.0035075706444114966
26057,12.986153981591274,8.793050085595423,0.05911820063896408
26061,12.986153981591274,8.374218112429665,0.03156263851839501
26079,12.986153981591274,7.782964528049592,0.02211890802238465
26089,12.986153981591274,7.874252368876167,0.0011669939035654337
26119,12.986153981591274,7.725578544000337,0.005412662873616986
26139,12.986153981591274,7.538821652731028,0.0006248077020217383
26141,12.986153981591274,7.990550616325462,0.005000895660233632
26147,12.986153981591274,9.478675848839202,0.06482286095389847
26151,12.986153981591274,8.89731009556335,0.023836237005229827
26157,12.986153981591274,8.859555135300768,0.04440646564078999
26163,12.986153981591274,10.936531468551003,0.0404751267416835
27011,9.105641359583803,7.587739157389322,1.783407991244294e-07
27025,9.105641359583803,8.042532832949197,1.6338107123943743e-06
27035,9.105641359583803,8.631794186131277,2.0070443603452177e-07
27037,9.105641359583803,7.442212279101031,4.898395133123572e-07
27045,9.105641359583803,7.774814997964449,7.236865218303546e-07
27055,9.105641359583803,7.564504597688668,5.463580869202284e-07
27065,9.105641359583803,7.2630077576823036,7.357085698722529e-07
27071,9.105641359583803,8.021547166874047,6.5865918342351e-08
27083,9.105641359583803,8.431018074709376,1.10435042936903e-07
27085,9.105641359583803,7.974997693229984,2.7112909314837006e-07
27097,9.105641359583803,7.693019227470915,3.4561747948666755e-07
27115,9.105641359583803,8.618251017474053,8.580085281687039e-07
27129,9.105641359583803,8.306495513338316,1.5759447508741136e-06
27147,9.105641359583803,7.644132997200313,6.548334037891174e-07
28001,16.194010538645784,11.084207308728136,0.9969982443378431
28015,16.194010538645784,9.992216544100733,0.9978660787366437
28019,16.194010538645784,9.143232033561175,0.9984240755262178
28027,16.194010538645784,11.617528344886606,0.9993945577597543
28029,16.194010538645784,11.231273080330915,0.9990598080695045
28041,16.194010538645784,10.01886774724124,0.9993710719041642
28045,16.194010538645784,10.116601511115883,0.9968152694604318
28047,16.194010538645784,11.758233641910302,0.9303451738335643
28051,16.194010538645784,12.718945091238698,0.9998533504978504
28067,16.194010538645784,11.889898038775712,0.9985754323214537
28073,16.194010538645784,10.46042914849523,0.9993523099745476
28079,16.194010538645784,11.016110113633395,0.9993630632424811
28089,16.194010538645784,8.873191059224954,0.9995761414931973
28095,16.194010538645784,10.306741531249678,0.999660622901796
28101,16.194010538645784,10.57396025449809,0.9992018707366501
28117,16.194010538645784,10.069342217272576,0.9993845186352178
28121,16.194010538645784,10.842944178589667,0.9997998610846862
28123,16.166820360675697,10.52570928365602,0.9993282924245996
28131,16.194010538645784,9.728787285013233,0.9994721721793568
28141,16.194010538645784,8.85324497336599,0.9953680498483418
28145,16.194010538645784,9.386365599212231,0.999360835929447
28153,16.194010538645784,10.919968604857662,0.9995218313569972
28161,16.194010538645784,10.847086468745328,0.9995024358990414
29007,12.70359117105225,8.607801060323315,0.004877270210672957
29009,12.70359117105225,7.843759155956798,0.0002310112471292992
29013,12.70359117105225,7.723421416795994,0.021645307606442815
29021,12.70359117105225,10.032688362103157,0.003527634623010216
29023,12.70359117105225,10.845704593809977,0.015968442630419993
29029,12.70359117105225,7.847492633314965,0.005926913747780336
29031,12.70359117105225,9.54701562772053,0.02753742177374309
29037,12.70359117105225,8.85604900113071,0.01594595712720118
29043,12.70359117105225,8.024106787958498,0.016473108582692114
29047,12.70359117105225,8.15911814413666,0.005111123522569641
29071,12.70359117105225,8.950835632187628,0.034211668718699996
29073,12.70359117105225,7.76817277148406,0.0047503453788676885
29093,12.70359117105225,8.240896360249472,0.0012604968772808266
29097,12.70359117105225,9.275088385630282,0.028111846630200926
29101,12.70359117105225,8.6487086444699,0.005598554003255329
29103,12.70359117105225,7.702043260607613,0.010198024987479128
29107,12.70359117105225,8.613986594215364,0.013757320150019852
29117,12.70359117105225,7.948529018513653,0.004673720319997386
29129,12.70359117105225,7.857416299861466,0.0006809437165965722
29143,12.70359117105225,9.205625236028812,0.0021560520216094762
29147,12.70359117105225,8.448522570273692,0.008005546451818057
29153,12.70359117105225,8.234778237561454,0.0035202885959498883
29157,12.70359117105225,7.790909683875752,0.01588866418845926
29165,12.70359117105225,8.769687651994637,0.005487205647606073
29175,12.70359117105225,9.405003570171562,0.007074185243430409
29186,12.70359117105225,8.194086579237556,0.021725201878358146
29187,12.70359117105225,9.578070115699596,0.008294142542547456
29189,12.70359117105225,9.632127250458637,0.08793697658182609
29197,12.70359117105225,7.725327377426158,0.004468071426483601
29207,12.70359117105225,9.611618242152302,0.012529340253570546
29209,12.70359117105225,7.7451628142014455,0.002737189893424225
29213,12.70359117105225,8.16428295942329,0.008028061491066238
30007,10.608411505021916,7.3413630270161265,2.2748273333625413e-06
30017,10.608411505021916,7.896018690397745,9.188366850500907e-06
30055,10.608411505021916,7.092099727067958,6.179902089595253e-08
30069,10.608411505021916,7.501802364769047,4.4014525787633185e-09
30075,10.608411505021916,6.8716898642297455,2.1057166133420357e-07
30083,10.608411505021916,7.552854000541401,2.6845811003757313e-06
30099,10.608411505021916,7.260117503263126,6.843558115983621e-07
30101,10.608411505021916,7.254857689905001,1.136024354636855e-06
31017,12.882742176188872,7.346634044449207,0.00017222177768431166
31023,12.882742176188872,7.459849051440076,0.0007417041525972536
31053,12.882742176188872,8.972270263723424,0.0015271503998274636
31073,12.882742176188872,7.721476275610667,0.0004800381026709455
31075,12.882742176188872,7.688218405335462,1.6513462936770457e-05
31081,12.882742176188872,7.411617339000706,0.008276997763267971
31089,12.882742176188872,8.02373125432267,0.00035060011115102546
31091,12.882742176188872,7.70519649013795,1.4553043080181342e-06
31119,12.882742176188872,8.994935447533235,0.0017020806328373911
31125,12.882742176188872,7.627882800606375,0.0011979296593396683
31131,12.882742176188872,8.346750927015647,0.0002442832044453896
31137,12.882742176188872,8.210647255442606,0.0010161308294468574
31139,12.882742176188872,8.138301078502861,0.0029107411961622138
31147,12.882742176188872,8.087762417114371,0.00025988120817332125
31153,12.882742176188872,9.098960931299752,0.0013522798033713491
31155,12.882742176188872,7.8076149491816595,0.001318553381194723
31159,12.882742176188872,7.843114512713408,0.003705266862374191
31161,12.882742176188872,8.44898622261128,9.850759560656056e-06
31181,12.882742176188872,7.820878267696167,0.0011920391223474278
32005,12.519008620329341,7.758933297489538,0.0015398930959171278
32011,12.519008620329341,7.755324086865445,0.0010099106589913848
32015,12.519008620329341,7.7600436992937825,0.003507365545358442
32023,12.519008620329341,9.486939828629069,0.0009274271115412198
33003,7.46923309907104,6.797388259167874,8.194364572181029e-08
33013,7.435419356194426,7.727516032606507,1.4171537162436945e-06
35001,12.878597799314536,8.060626565188153,0.0001843702050832877
35005,12.878597799314536,10.413911502607741,0.00909143502657469
35007,12.878597799314536,8.228123446468244,0.01154279104742925
35015,12.878597799314536,8.892400241885866,0.03501650154145695
35031,12.905787977284623,12.99928125870177,0.037225197741381395
35051,12.878597799314536,8.268647030233298,0.02222062420726922
36011,12.284634314037259,9.885341949268252,6.42761589554602e-07
36039,12.284634314037259,9.02664857639354,5.289308988633622e-07
36043,12.284634314037259,8.904965254063562,1.1397548070656024e-06
36049,12.284634314037259,8.049229503484241,5.335094842507976e-06
36073,12.284634314037259,9.218277569583634,1.2179917115101998e-06
36095,12.284634314037259,8.120969939435284,5.056061217310907e-07
36099,12.284634314037259,8.562513907224782,1.0338425331670338e-07
36107,12.284634314037259,8.728766846486195,7.451875206203964e-07
36117,12.284634314037259,9.393600410447085,3.318723061987174e-07
36121,12.284634314037259,8.760858649906679,4.1685445216026775e-06
37007,10.908812702432675,10.670609675866608,0.00467836356506992
37011,10.908812702432675,8.456290559285291,0.006033092794857295
37043,10.908812702432675,7.542857645611112,0.001062111538840249
37045,10.908812702432675,10.414675033827317,0.011018129120439932
37047,10.908812702432675,11.448142457194898,0.00735736504625077
37051,10.908812702432675,11.504449775922879,0.002460166060241594
37059,10.908812702432675,9.089734368515288,0.002481243494570609
37063,10.908812702432675,7.8672390400154,0.0008272844005106723
37073,10.908812702432675,8.238396867090678,0.002127730986113485
37095,10.908812702432675,7.872351329815351,0.03787289508206357
37137,10.908812702432675,8.47452513341458,0.0026785436747205375
37161,10.908812702432675,9.533247830042079,0.008353591198318865
37169,10.908812702432675,8.285055678443246,0.0037674254743249535
37189,10.908812702432675,8.114028581077617,0.0012877530801814433
37191,10.908812702432675,11.652226565317156,0.008316107312202146
37195,10.908812702432675,10.24810298144145,0.004604955415426704
38001,8.61799978646434,7.652691053582033,0.00032262529783455487
38007,8.61799978646434,7.36390820934993,0.0002862069545605074
38009,8.61799978646434,7.822948556599016,6.421702608274267e-05
38017,8.61799978646434,7.828607317922569,0.0027917793485238793
38037,8.61799978646434,7.849210080290924,1.0227656146487779e-06
38041,8.61799978646434,7.551799972859546,1.0902840882068063e-06
38047,8.61799978646434,7.698565611892428,0.00031710704572557546
38053,8.61799978646434,8.477942581081754,0.0003763359207573025
38059,8.61799978646434,7.7535537377589145,0.0009490825343659091
38099,8.61799978646434,7.483597012267043,9.193958187093651e-05
39007,12.779188173779453,10.4557199164152,0.9941630239919915
39023,12.779188173779453,10.38060192490434,0.9846831444821732
39029,12.779188173779453,9.36240928338857,0.9848687003087615
39031,12.779188173779453,9.564776004811348,0.9939524784339069
39043,12.779188173779453,9.11273762241142,0.9859561636400157
39069,12.779188173779453,8.173830261549853,0.9922042070232836
39073,12.779188173779453,10.11087083323205,0.9953912730986547
39081,12.779188173779453,10.531725950128713,0.9735869188291906
39107,12.779188173779453,8.626758211016817,0.9894558882022785
39109,12.779188173779453,8.814374703160597,0.9934499086096774
39129,12.779188173779453,9.78951622891945,0.9938091056763202
39133,12.779188173779453,9.440251020802508,0.9873327219800242
39139,12.779188173779453,9.392127529291509,0.9891737451926162
39143,12.779188173779453,8.597803155997635,0.9764253204836336
39159,12.779188173779453,8.242593482186205,0.9730219928366171
39169,12.779188173779453,9.313995017733143,0.985234297190449
39173,12.779188173779453,9.098486240414255,0.9907886141755865
40001,15.38416700827877,11.397985214900837,0.9992231900574481
40011,15.38416700827877,8.264153211204743,0.9997953148777956
40013,15.38416700827877,9.804486992872237,0.9997311838541201
40017,15.38416700827877,9.679112290253727,0.9996897508922732
40027,15.38416700827877,9.555192930116947,0.999828099502939
40031,15.38416700827877,10.141183399468881,0.9997216108227772
40047,15.38416700827877,8.830895710630328,0.9987227854267612
40053,15.38416700827877,7.915443022561832,0.9985046989589623
40085,15.38416700827877,8.773525382232814,0.9979716044753496
40095,15.38416700827877,9.042844385509495,0.9980125529896903
40097,15.38416700827877,8.976436092968205,0.9990608045636297
40105,15.38416700827877,8.717349113430842,0.9990944236190312
40107,15.38416700827877,8.78185328433978,0.9993570197635638
40119,15.38416700827877,8.650486236075114,0.9997092276082677
40129,15.38416700827877,8.473944709351883,0.9997995639550482
40149,15.38416700827877,7.796025139608391,0.9996719359829055
41013,12.759469749362758,9.063186411032621,0.006308903661094778
41021,12.759469749362758,7.443646054560964,9.555077007152478e-06
41031,12.759469749362758,8.864239055274382,0.0009277807440074722
41033,12.759469749362758,8.795546965957513,0.00037898614503327136
41035,12.759469749362758,8.778674941645512,0.0016792936548438847
41041,12.759469749362758,8.731885485281664,0.00011370144286914109
41047,12.759469749362758,8.495946962132656,0.0001272120151828713
41057,12.759469749362758,8.198561059585929,0.0011125281954686714
42001,10.823854987152876,8.21448883765823,0.006068858971807382
42007,10.823854987152876,8.431890565545253,0.014529549766152497
42017,10.823854987152876,7.001354835680775,9.977938763290621e-05
42039,10.823854987152876,8.602929488219576,0.025630207399144338
42041,10.823854987152876,7.186661152603227,0.0028815559714222253
42045,10.823854987152876,8.754986019730397,0.029412057534184424
42047,10.823854987152876,7.782888405861446,0.02045425023699284
42067,10.823854987152876,7.436113401907957,0.024043000994335494
42077,10.823854987152876,9.341285512965241,0.0029341614250868275
42095,10.823854987152876,8.839648317880334,0.0024152952267833374
42097,10.823854987152876,8.407612108609047,0.0074825914245583965
42109,10.823854987152876,7.567903324408554,0.050677401082128926
42115,10.823854987152876,7.272459768415238,0.012538681550923381
42121,10.823854987152876,8.570309580263528,0.00596672810099228
42123,10.823854987152876,8.562321465371545,0.019216285814308152
44007,9.787784186842782,9.213470532193849,0.0013861856532031368
45003,14.352985810125155,11.676841859543496,0.0007035194242361146
45015,14.352985810125155,11.224741674070733,0.0010769299863644245
45027,14.352985810125155,12.163453851972317,0.00897060479660143
45045,14.352985810125155,9.901869175448535,0.00015452042187503944
45055,14.352985810125155,10.995716517967823,0.0046723840701643525
45057,14.352985810125155,10.785293136496083,0.002301961262600549
45059,14.352985810125155,11.411433451624376,0.004702806161435979
45061,14.352985810125155,11.485388537519826,0.0027233454621101807
45063,14.352985810125155,10.589525202702376,0.0027035607409098615
45073,14.352985810125155,9.715245172805481,0.001457477538683585
45075,14.352985810125155,12.84381551794788,0.011879442421632516
45077,14.352985810125155,10.069037492967785,0.002606831622024148
45079,14.352985810125155,10.957117852281387,0.0019077907764184705
45091,14.352985810125155,10.394579690357604,0.0016827132571497314
46013,9.010852545025005,7.946697563174009,0.0008659127337568521
46025,9.010852545025005,7.902382415097733,0.0015550889518144543
46027,9.010852545025005,7.833202830539911,0.0011766299591118737
46067,9.010852545025005,7.510755887700607,0.0006748511972051976
46073,9.010852545025005,7.487168875960948,1.4904605703468957e-05
46103,9.010852545025005,8.721722141126412,0.0004152019451508596
47013,11.720980744464338,9.616086755778403,0.9948598040874377
47019,11.720980744464338,10.149479002613656,0.990147261983857
47027,11.720980744464338,7.724056004936675,0.9942985497306555
47031,11.720980744464338,9.20903416316657,0.9843435067075161
47033,11.720980744464338,8.11055148638598,0.9630165839042831
47037,11.720980744464338,10.264848347447698,0.9976503498118858
47043,11.720980744464338,8.641984735227485,0.9810742969761288
47047,11.720980744464338,9.903387113304326,0.9855049605225585
47053,11.720980744464338,9.875928520174677,0.995591304774039
47055,11.720980744464338,9.487222175063199,0.9939325294465505
47063,11.720980744464338,10.165717561616784,0.994266488024959
47067,11.720980744464338,7.7383705721360725,0.997795271677994
47069,11.720980744464338,9.861414121133338,0.9964382944081671
47075,11.720980744464338,9.247029699441107,0.9926078288226838
47079,11.720980744464338,9.370913239536831,0.9855308024490235
47083,11.720980744464338,7.8773441640124355,0.9952087367388919
47103,11.720980744464338,9.096615910571593,0.9967711041610325
47105,11.720980744464338,8.182437644652582,0.9757984608620011
47109,11.720980744464338,9.197278380415861,0.9921152323824243
47111,11.720980744464338,9.341720020610344,0.9924722786001402
47121,11.720980744464338,8.340015064614644,0.9948590834101518
47123,11.720980744464338,9.732713362115657,0.9909624106224438
47133,11.720980744464338,8.859957729114218,0.988875080513961
47139,11.720980744464338,8.762899452830096,0.9840537687523638
47149,11.720980744464338,9.754239010350162,0.9917168437961426
47151,11.720980744464338,8.93226578845658,0.9988610532433363
47153,11.720980744464338,7.975362155292604,0.9882144638572609
47157,11.720980744464338,12.176778999762718,0.9999105351291143
47175,11.720980744464338,7.963587983216185,0.9942342501339325
47187,11.720980744464338,7.277359380999906,0.9383179131015988
48005,16.896961750993405,9.975938743070346,0.009429915889355602
48017,16.896961750993405,7.216760133158286,0.00014483167474488786
48035,16.896961750993405,7.411204167254778,0.0002373015127466692
48041,16.896961750993405,9.127610737264542,0.0037222611010754845
48051,16.896961750993405,7.535530451783557,0.009720633222987928
48061,16.896961750993405,9.644275074772978,2.135549971494687e-05
48075,16.896961750993405,7.250191950163537,0.0006439571791329098
48081,16.896961750993405,7.377268085479876,5.093826529779245e-06
48085,16.896961750993405,7.918015931918857,0.00557215680838338
48089,16.896961750993405,7.3476807218484534,0.0003320203564516812
48099,16.896961750993405,9.82162752595768,0.0004081657220576286
48107,16.896961750993405,7.45575327881759,7.192927834280072e-06
48121,16.896961750993405,8.373723664507617,0.0016714919075304158
48127,16.896961750993405,7.511673878786744,8.385449983378763e-06
48137,16.896961750993405,7.189957151509675,1.0256686655131706e-06
48139,16.896961750993405,9.843895841377623,0.011725601652654691
48143,16.896961750993405,7.502875743220529,0.0004802310777771539
48149,16.896961750993405,7.515501917953193,0.00176466619205928
48173,16.896961750993405,7.325939421678945,4.271661022118107e-05
48185,16.896961750993405,8.059745426842975,0.002203372808611448
48193,16.896961750993405,7.436870769827876,0.0015161147181177563
48213,16.896961750993405,8.25793460455945,0.005786822458751691
48227,16.896961750993405,8.380404171876384,0.000687916711952185
48231,16.896961750993405,8.813709514708664,0.002315309835166212
48235,16.896961750993405,7.252736637362866,0.0005899842132544062
48237,16.896961750993405,7.362604672430884,0.003508699365005134
48241,16.896961750993405,9.091703106734423,0.014682968874496516
48257,16.896961750993405,8.14105831207967,0.01136318146617385
48271,16.896961750993405,7.177802698398427,2.273493942738587e-05
48279,16.896961750993405,7.69146413606334,2.9531074042032897e-05
48285,16.896961750993405,7.638931395043208,0.004167028345994646
48301,16.896961750993405,7.312781778635179,0.000735940209106605
48313,16.896961750993405,7.481816218903359,0.00610047953695556
48317,16.896961750993405,7.304227917198685,0.0009959484840543831
48321,16.896961750993405,8.087005249129561,0.0004834590866347651
48327,16.896961750993405,7.328796164471052,7.88336799597748e-05
48347,16.896961750993405,10.44704622585859,0.011987569148432154
48351,16.896961750993405,8.269997204420006,0.045509025389258786
48353,16.896961750993405,7.903503334143845,0.0004536711707807236
48359,16.896961750993405,7.243621930808121,0.00036525087243113375
48361,16.896961750993405,9.62590697233393,0.022947857870330518
48377,16.896961750993405,7.204687979365691,0.00010782309806754321
48393,16.896961750993405,7.133484395282419,0.0005126615506146474
48401,16.896961750993405,9.966069156315207,0.007551300243232901
48403,16.896961750993405,7.492424891952574,0.0018591839621251549
48409,16.896961750993405,8.564153792647756,0.00016705758704047124
48427,16.896961750993405,8.032565017746155,4.559924593042895e-06
48429,16.896961750993405,7.327311523836882,0.0011297040455371923
48431,16.896961750993405,7.283288825042716,5.4773105092625565e-06
48433,16.896961750993405,7.232114593983929,0.0006041813702607386
48439,16.896961750993405,9.435760309006623,0.0006387705646931849
48443,16.896961750993405,7.244945824830078,7.80221345589786e-06
48453,16.896961750993405,7.258105545562271,1.2832068453458403e-05
48467,16.896961750993405,7.959962633207759,0.005537073543331266
48485,16.896961750993405,10.118603246995281,0.005809955780151397
48499,16.896961750993405,8.033260905796054,0.004562129742243529
49017,11.780828374844237,7.81225490885514,1.8649598885075903e-06
49023,11.780828374844237,7.833490435854969,1.6917941474885293e-05
49029,11.780828374844237,7.299465525820538,2.3917326303773313e-05
49033,11.780828374844237,7.480520912352464,9.519242700157089e-06
49035,11.780828374844237,7.86141299121396,6.397620284427724e-07
49041,11.780828374844237,8.086441838235414,1.7591049710278416e-05
50001,9.201685213526629,7.271090243000105,1.5737001245961964e-05
50005,9.211501755442564,7.7772199627758685,0.00016695694606198838
50009,9.197043167821166,8.221461445008549,0.0001596863509595277
50011,9.210150091619083,8.654062154940188,0.00047627862160250055
50023,9.205412902256898,7.176771676221443,2.205432147364795e-05
51007,9.996125806403047,9.056694515933634,9.435922150314688e-06
51009,9.996125806403047,8.63175816540095,8.800076162747903e-06
51025,9.996125806403047,9.203964347087553,1.1418694748335882e-05
51033,9.996125806403047,8.644109246726927,5.4946910431147026e-06
51045,9.996125806403047,7.699492116455235,4.096293086358807e-06
51077,9.996125806403047,7.94203150127679,1.1790778574100192e-05
51081,9.996125806403047,9.83444997128524,9.966638503537495e-06
51087,9.996125806403047,8.827772414422583,5.767869413309397e-06
51097,9.996125806403047,8.096992204680802,3.911218242594768e-06
51099,9.996125806403047,7.986419548320357,3.620311552351425e-07
51101,9.996125806403047,7.737093879717216,9.358356398423032e-06
51121,9.996125806403047,8.016267162189584,1.564968605800936e-05
51127,9.996125806403047,7.6669146599119005,4.410470120347283e-06
51133,9.996125806403047,8.540516865151762,6.658328720358837e-06
51145,9.996125806403047,7.8708372022017326,7.034438179445356e-06
51173,9.996125806403047,8.796053613376555,2.9341626404064597e-05
51177,9.996125806403047,9.694859750661,1.2244060134513648e-07
51181,9.996125806403047,8.224415829664228,1.7715445303134073e-06
51183,9.996125806403047,9.646357322484716,5.242557266167633e-06
51600,9.996125806403047,7.59920955459287,6.785093184963066e-11
51680,9.996125806403047,9.610061646904063,7.161163519800024e-06
51760,9.996125806403047,10.405909418349323,7.775517916291606e-06
51820,9.996125806403047,7.967991638020702,7.648574504319952e-07
53003,9.526964987727746,8.305370688012363,2.773870032180302e-09
53017,9.526964987727746,8.235024063030094,3.5809719762314073e-10
53027,9.526964987727746,9.46994930595541,7.852014685929958e-10
53029,9.435315732000518,7.665435155176918,2.7501253948013343e-10
53031,9.435315732000518,7.308798627113884,1.647856894442771e-10
53035,9.526964987727746,7.791501559089321,1.9598151271083497e-12
53041,9.526964987727746,8.789084044772217,1.0587386890582869e-09
53047,9.526964987727746,8.803191285671494,1.941915957222752e-10
53055,9.435315732000518,7.242435814342858,9.102482900197817e-12
53057,9.526964987727746,7.778144235409546,2.059683862545171e-10
54007,13.6910001122669,9.450856924810207,0.9999996138559902
54013,13.6910001122669,8.250101713966785,0.9999999497575446
54015,13.6910001122669,9.793634672396712,0.9999998701812001
54017,13.6910001122669,8.492133186919622,0.9999997405335628
54029,13.6910001122669,10.022246060595466,0.9999984326309241
54059,13.6910001122669,12.013698656218203,0.9999999894072497
54077,13.6910001122669,10.182746656975748,0.9999997341260837
54085,13.6910001122669,8.807083175310142,0.9999997468786707
55007,10.699566103588824,7.520952597553902,0.9980899419965235
55011,10.699566103588824,7.294155616706775,0.49192247462643657
55021,10.699566103588824,7.779928188168175,0.9004503735707261
55027,10.699566103588824,8.224619704706491,0.9953187984865989
55039,10.699566103588824,7.7718212054098865,0.9867307960199165
55047,10.699566103588824,8.17862975448584,0.9971760972596481
55059,10.699566103588824,8.288799153112862,0.8897952554897343
55083,10.699566103588824,7.920122996865853,0.9815204592027457
55087,10.699566103588824,7.689526329498777,0.9829819275119159
55093,10.699566103588824,7.645852107562713,0.9839224712070542
55097,10.699566103588824,7.4681879956015615,0.9991864779958375
55105,10.699566103588824,8.407678539101079,0.9682322153331376
55107,10.699566103588824,7.311857064901,0.9272393188145757
55113,10.699566103588824,7.985226197392107,0.8814545841210852
55119,10.699566103588824,7.7700230690879755,0.9849240880697918
55121,10.699566103588824,7.652087368015063,0.9741879272364793
55127,10.699566103588824,7.239338282185911,0.8780527019858316
55135,10.699566103588824,8.173531658313776,0.9679561664395228
56007,13.05127580401725,7.706196515045496,2.936435118862555e-10
56011,13.05127580401725,6.765903115860911,1.6250382830100983e-10
56013,13.05127580401725,9.277471344314565,3.433903425212155e-10
56015,13.05127580401725,7.7605456605584795,5.205421200841109e-10
56017,13.05127580401725,7.948759894303701,1.3040584332192951e-09
56021,13.05127580401725,8.666329874904317,6.030982512046938e-10
56037,13.05127580401725,8.331795495951491,1.087458673100288e-09
56039,13.05127580401725,6.812769094682313,1.4579647959406519e-10
